<?xml version="1.0" encoding="UTF-8" standalone="no"?>
<!-- 
 * converters.xml
 *
 * Copyright (C) 2017 Universidad de Sevilla
 * 
 * The use of this project is hereby constrained to the conditions of the 
 * TDG Licence, a copy of which you may download from 
 * http://www.tdg-seville.info/License.html
 --><beans xmlns="http://www.springframework.org/schema/beans" xmlns:util="http://www.springframework.org/schema/util" xmlns:xsi="http://www.w3.org/2001/XMLSchema-instance" xsi:schemaLocation="   http://www.springframework.org/schema/beans http://www.springframework.org/schema/beans/spring-beans-4.0.xsd     http://www.springframework.org/schema/util http://www.springframework.org/schema/util/spring-util-4.0.xsd    ">

	<util:list id="converters">

		<!--Chirp converters-->
		<bean class="converters.StringToChirpConverter"/>
        <bean class="converters.ChirpToStringConverter"/>

		<!--Comment converters-->
		<bean class="converters.StringToCommentConverter"/>
        <bean class="converters.CommentToStringConverter"/>

		<!--ConfigurationSystem converters-->
		<bean class="converters.StringToConfigurationSystemConverter"/>
        <bean class="converters.ConfigurationSystemToStringConverter"/>

		<!--Hike converters-->
		<bean class="converters.StringToHikeConverter"/>
        <bean class="converters.HikeToStringConverter"/>

		<!--Route converters-->
		<bean class="converters.StringToRouteConverter"/>
        <bean class="converters.RouteToStringConverter"/>

		<!--User converters-->
		<bean class="converters.StringToUserConverter"/>
        <bean class="converters.UserToStringConverter"/>
    </util:list>
	
</beans>
