<?xml version="1.0" encoding="UTF-8" standalone="no"?>
<!-- 
 * i18n-l10n.xml
 *
 * Copyright (C) 2017 Universidad de Sevilla
 * 
 * The use of this project is hereby constrained to the conditions of the 
 * TDG Licence, a copy of which you may download from 
 * http://www.tdg-seville.info/License.html
 --><beans xmlns="http://www.springframework.org/schema/beans" xmlns:util="http://www.springframework.org/schema/util" xmlns:xsi="http://www.w3.org/2001/XMLSchema-instance" xsi:schemaLocation="   http://www.springframework.org/schema/beans http://www.springframework.org/schema/beans/spring-beans-4.0.xsd   http://www.springframework.org/schema/util http://www.springframework.org/schema/util/spring-util-4.0.xsd   ">

	<util:list id="messages">
        <value>/views/administrator/messages</value>
        <value>/views/chirp/messages</value>
        <value>/views/comment/messages</value>
        <value>/views/common/messages</value>
        <value>/views/configurationSystem/messages</value>
        <value>/views/hike/messages</value>
        <value>/views/legal/messages</value>
        <value>/views/master-page/messages</value>
        <value>/views/misc/messages</value>
        <value>/views/profile/messages</value>
        <value>/views/route/messages</value>
        <value>/views/security/messages</value>
        <value>/views/signin/messages</value>
        <value>/views/user/messages</value>
        <value>/views/welcome/messages</value>
    </util:list>

</beans>
