<?xml version="1.0" encoding="UTF-8"?>

<!-- 
 * security.xml
 *
 * Copyright (C) 2017 Universidad de Sevilla
 * 
 * The use of this project is hereby constrained to the conditions of the 
 * TDG Licence, a copy of which you may download from 
 * http://www.tdg-seville.info/License.html
 -->

<beans xmlns="http://www.springframework.org/schema/beans"
	xmlns:xsi="http://www.w3.org/2001/XMLSchema-instance" xmlns:security="http://www.springframework.org/schema/security"	
	xsi:schemaLocation="
		http://www.springframework.org/schema/beans http://www.springframework.org/schema/beans/spring-beans-4.0.xsd		
        http://www.springframework.org/schema/security http://www.springframework.org/schema/security/spring-security-3.2.xsd
    ">

	<!-- Security infrastructure -->

	<bean id="loginService" class="security.LoginService" />

	<bean id="passwordEncoder"
		class="org.springframework.security.authentication.encoding.Md5PasswordEncoder" />

	<!-- Access control -->

	<security:http auto-config="true" use-expressions="true">
		<security:intercept-url pattern="/" access="permitAll" /> 

		<security:intercept-url pattern="/favicon.ico" access="permitAll" /> 
		<security:intercept-url pattern="/images/**" access="permitAll" /> 
		<security:intercept-url pattern="/scripts/**" access="permitAll" /> 
		<security:intercept-url pattern="/styles/**" access="permitAll" /> 

		<security:intercept-url access="permitAll" pattern="/aboutus.do"/>
		<security:intercept-url access="permitAll" pattern="/terms.do"/>
		<security:intercept-url access="permitAll" pattern="/cookies.do"/>
		<security:intercept-url access="permitAll" pattern="/privacy.do"/>

		<security:intercept-url pattern="/views/misc/index.jsp" access="permitAll" /> 

		<security:intercept-url pattern="/security/login.do" access="permitAll" /> 
		<security:intercept-url pattern="/security/loginFailure.do" access="permitAll" /> 

		<security:intercept-url pattern="/welcome/index.do" access="permitAll" />  
		
		<security:intercept-url pattern="/security/user/signin.do" access="isAnonymous()" /> 

		<security:intercept-url pattern="/route/list.do" access="permitAll" /> 
		<security:intercept-url pattern="/route/display.do" access="permitAll" /> 
		<security:intercept-url pattern="/hike/display.do" access="permitAll" /> 
		<security:intercept-url pattern="/route/user/**" access="hasRole('USER')" />
		<security:intercept-url pattern="/hike/user/**" access="hasRole('USER')" />
		<security:intercept-url pattern="/route/administrator/**" access="hasRole('ADMIN')" />
		
		<security:intercept-url pattern="/user/list.do" access="permitAll" /> 
		<security:intercept-url pattern="/user/display.do" access="permitAll" /> 	
		
		<security:intercept-url pattern="/user/user/**" access="hasRole('USER')" />	
		
		<security:intercept-url pattern="/chirp/user/**" access="hasRole('USER')" />
		<security:intercept-url pattern="/chirp/admin/**" access="hasRole('ADMIN')" />
		<security:intercept-url pattern="/configurationSystem/admin/**" access="hasRole('ADMIN')" /> 	
		<security:intercept-url pattern="/comment/admin/**" access="hasRole('ADMIN')" /> 	
		<security:intercept-url pattern="/comment/user/**" access="hasRole('USER')" /> 
		
		<security:intercept-url pattern="/administrator/dashboard.do" access="hasRole('ADMIN')" />
	
		<security:intercept-url pattern="/**" access="hasRole('NONE')" />

		<security:form-login 
			login-page="/security/login.do"
			password-parameter="password" 
			username-parameter="username"
			authentication-failure-url="/security/loginFailure.do" />

		<security:logout 
			logout-success-url="/" 
			invalidate-session="true" />
	</security:http>

</beans>